{
  "equities": {
    "S&P 500": 7365.4599609375,
    "Nasdaq": 25587.0390625,
    "Dow Jones": 51666.83984375,
    "FTSE 100": 10435.419921875,
    "DAX": 24637.76953125,
    "CAC 40": 8353.240234375,
    "Stoxx 600": 634.2899780273438,
    "Nikkei 225": 69174.96875,
    "Shanghai Comp.": 4106.2509765625,
    "Hang Seng": 23412.1796875,
    "Sensex": 76991.21875,
    "KOSPI": 8471.01953125
  },
  "commodities": {
    "Brent Crude": 75.58000183105469,
    "WTI Crude Oil": 71.80000305175781,
    "Natural Gas": 3.2309999465942383,
    "Gold": 4072.5,
    "Silver": 60.72999954223633
  },
  "fx": {
    "EUR / USD": 1.1343011856079102,
    "GBP / USD": 1.3154432773590088,
    "USD / CNY": 6.799499988555908
  },
  "USD/PKR": 278.0400085449219
}