{
  "equities": {
    "S&P 500": 7358.22021484375,
    "Nasdaq": 25476.640625,
    "Dow Jones": 51848.8984375,
    "FTSE 100": 10547.490234375,
    "DAX": 24968.19921875,
    "CAC 40": 8440.4697265625,
    "Stoxx 600": 640.6099853515625,
    "Nikkei 225": 72366.34375,
    "Shanghai Comp.": 4120.28076171875,
    "Hang Seng": 23076.91015625,
    "Sensex": 77100.46875,
    "KOSPI": 8930.2998046875
  },
  "commodities": {
    "Brent Crude": 73.22000122070312,
    "WTI Crude Oil": 69.52999877929688,
    "Natural Gas": 3.328000068664551,
    "Gold": 4028.0,
    "Silver": 58.30500030517578
  },
  "fx": {
    "EUR / USD": 1.1358473300933838,
    "GBP / USD": 1.317800760269165,
    "USD / CNY": 6.785799980163574
  },
  "USD/PKR": 277.6086120605469
}