{
  "equities": {
    "S&P 500": 7499.35986328125,
    "Nasdaq": 26213.720703125,
    "Dow Jones": 52319.19921875,
    "FTSE 100": 10457.51953125,
    "DAX": 24960.490234375,
    "CAC 40": 8363.7802734375,
    "Stoxx 600": 638.9099731445312,
    "Nikkei 225": 70474.9609375,
    "Shanghai Comp.": 4112.4453125,
    "Hang Seng": 22881.01953125,
    "Sensex": 77032.8984375,
    "KOSPI": 8303.41015625
  },
  "commodities": {
    "Brent Crude": 73.12999725341797,
    "WTI Crude Oil": 69.58999633789062,
    "Natural Gas": 3.234999895095825,
    "Gold": 3984.199951171875,
    "Silver": 57.96500015258789
  },
  "fx": {
    "EUR / USD": 1.1396011114120483,
    "GBP / USD": 1.323083758354187,
    "USD / CNY": 6.793000221252441
  },
  "USD/PKR": 277.9299011230469
}