{
  "equities": {
    "S&P 500": 7499.35986328125,
    "Nasdaq": 26213.720703125,
    "Dow Jones": 52319.19921875,
    "FTSE 100": 10497.099609375,
    "DAX": 24995.810546875,
    "CAC 40": 8403.990234375,
    "Stoxx 600": 641.72998046875,
    "Nikkei 225": 70639.8125,
    "Shanghai Comp.": 4138.6494140625,
    "Hang Seng": 22881.01953125,
    "Sensex": 76874.2734375,
    "KOSPI": 8360.599609375
  },
  "commodities": {
    "Brent Crude": 73.19999694824219,
    "WTI Crude Oil": 69.72000122070312,
    "Natural Gas": 3.250999927520752,
    "Gold": 3991.0,
    "Silver": 58.20500183105469
  },
  "fx": {
    "EUR / USD": 1.1411616802215576,
    "GBP / USD": 1.324047327041626,
    "USD / CNY": 6.792500019073486
  },
  "USD/PKR": 278.0
}