{
  "equities": {
    "S&P 500": 7434.31982421875,
    "Nasdaq": 25756.265625,
    "Dow Jones": 52258.1796875,
    "FTSE 100": 10484.2197265625,
    "DAX": 24626.890625,
    "CAC 40": 8367.330078125,
    "Stoxx 600": 636.1099853515625,
    "Nikkei 225": 69360.8828125,
    "Shanghai Comp.": 4027.264892578125,
    "Hang Seng": 22671.859375,
    "Sensex": 76728.3671875,
    "KOSPI": 8411.2099609375
  },
  "commodities": {
    "Brent Crude": 74.04000091552734,
    "WTI Crude Oil": 70.9000015258789,
    "Natural Gas": 3.191999912261963,
    "Gold": 4035.5,
    "Silver": 58.67499923706055
  },
  "fx": {
    "EUR / USD": 1.1431183815002441,
    "GBP / USD": 1.3257148265838623,
    "USD / CNY": 6.78439998626709
  },
  "USD/PKR": 277.9200134277344
}