{
  "equities": {
    "S&P 500": 7369.31005859375,
    "Nasdaq": 25374.115234375,
    "Dow Jones": 52167.3203125,
    "FTSE 100": 10529.8896484375,
    "DAX": 24994.830078125,
    "CAC 40": 8431.6103515625,
    "Stoxx 600": 640.2100219726562,
    "Nikkei 225": 69174.96875,
    "Shanghai Comp.": 4110.81298828125,
    "Hang Seng": 23412.1796875,
    "Sensex": 77100.46875,
    "KOSPI": 8471.01953125
  },
  "commodities": {
    "Brent Crude": 75.0,
    "WTI Crude Oil": 71.58999633789062,
    "Natural Gas": 3.2990000247955322,
    "Gold": 4058.300048828125,
    "Silver": 58.779998779296875
  },
  "fx": {
    "EUR / USD": 1.1388224363327026,
    "GBP / USD": 1.3218421936035156,
    "USD / CNY": 6.7855000495910645
  },
  "USD/PKR": 277.9200134277344
}