{
  "equities": {
    "S&P 500": 7365.4599609375,
    "Nasdaq": 25587.0390625,
    "Dow Jones": 51666.83984375,
    "FTSE 100": 10428.5400390625,
    "DAX": 24740.119140625,
    "CAC 40": 8351.509765625,
    "Stoxx 600": 634.3099975585938,
    "Nikkei 225": 69174.96875,
    "Shanghai Comp.": 4110.8134765625,
    "Hang Seng": 23459.05078125,
    "Sensex": 77019.1484375,
    "KOSPI": 8471.01953125
  },
  "commodities": {
    "Brent Crude": 76.02999877929688,
    "WTI Crude Oil": 72.22000122070312,
    "Natural Gas": 3.2039999961853027,
    "Gold": 4098.7998046875,
    "Silver": 61.849998474121094
  },
  "fx": {
    "EUR / USD": 1.135589361190796,
    "GBP / USD": 1.3187741041183472,
    "USD / CNY": 6.803299903869629
  },
  "USD/PKR": 277.8700866699219
}