{
  "equities": {
    "S&P 500": 7380.0,
    "Nasdaq": 25418.353515625,
    "Dow Jones": 52095.55859375,
    "FTSE 100": 10508.01953125,
    "DAX": 24671.220703125,
    "CAC 40": 8384.8701171875,
    "Stoxx 600": 635.8800048828125,
    "Nikkei 225": 72366.34375,
    "Shanghai Comp.": 4120.28076171875,
    "Hang Seng": 23076.91015625,
    "Sensex": 77100.46875,
    "KOSPI": 8930.2998046875
  },
  "commodities": {
    "Brent Crude": 72.30999755859375,
    "WTI Crude Oil": 68.81999969482422,
    "Natural Gas": 3.3480000495910645,
    "Gold": 4108.89990234375,
    "Silver": 59.959999084472656
  },
  "fx": {
    "EUR / USD": 1.1406410932540894,
    "GBP / USD": 1.3221392631530762,
    "USD / CNY": 6.787799835205078
  },
  "USD/PKR": 277.9200134277344
}