{
  "equities": {
    "S&P 500": 7468.02978515625,
    "Nasdaq": 26171.533203125,
    "Dow Jones": 51631.078125,
    "FTSE 100": 10437.849609375,
    "DAX": 25139.689453125,
    "CAC 40": 8400.1103515625,
    "Stoxx 600": 639.27001953125,
    "Nikkei 225": 71250.0625,
    "Shanghai Comp.": 4090.48095703125,
    "Hang Seng": 23924.810546875,
    "Sensex": 76802.8984375,
    "KOSPI": 9052.419921875
  },
  "commodities": {
    "Brent Crude": 78.19999694824219,
    "WTI Crude Oil": 74.20999908447266,
    "Natural Gas": 3.2780001163482666,
    "Gold": 4206.2001953125,
    "Silver": 65.41000366210938
  },
  "fx": {
    "EUR / USD": 1.1423349380493164,
    "GBP / USD": 1.3243805170059204,
    "USD / CNY": 6.767099857330322
  },
  "USD/PKR": 277.92999267578125
}