{
  "equities": {
    "S&P 500": 7365.4599609375,
    "Nasdaq": 25587.0390625,
    "Dow Jones": 51666.83984375,
    "FTSE 100": 10436.16015625,
    "DAX": 24668.080078125,
    "CAC 40": 8360.330078125,
    "Stoxx 600": 634.760009765625,
    "Nikkei 225": 69174.96875,
    "Shanghai Comp.": 4110.8134765625,
    "Hang Seng": 23412.1796875,
    "Sensex": 76991.21875,
    "KOSPI": 8471.01953125
  },
  "commodities": {
    "Brent Crude": 75.97000122070312,
    "WTI Crude Oil": 72.19999694824219,
    "Natural Gas": 3.2160000801086426,
    "Gold": 4074.300048828125,
    "Silver": 60.779998779296875
  },
  "fx": {
    "EUR / USD": 1.1343011856079102,
    "GBP / USD": 1.3158414363861084,
    "USD / CNY": 6.798299789428711
  },
  "USD/PKR": 278.0400085449219
}