{
  "equities": {
    "S&P 500": 7472.7900390625,
    "Nasdaq": 26166.599609375,
    "Dow Jones": 51712.7109375,
    "FTSE 100": 10404.7197265625,
    "DAX": 24871.2109375,
    "CAC 40": 8344.509765625,
    "Stoxx 600": 633.8400268554688,
    "Nikkei 225": 69788.3828125,
    "Shanghai Comp.": 4106.25146484375,
    "Hang Seng": 23336.279296875,
    "Sensex": 76200.6796875,
    "KOSPI": 8203.83984375
  },
  "commodities": {
    "Brent Crude": 77.9000015258789,
    "WTI Crude Oil": 73.87999725341797,
    "Natural Gas": 3.256999969482422,
    "Gold": 4145.10009765625,
    "Silver": 62.400001525878906
  },
  "fx": {
    "EUR / USD": 1.1406410932540894,
    "GBP / USD": 1.3217722177505493,
    "USD / CNY": 6.783400058746338
  },
  "USD/PKR": 278.0234069824219
}