{
  "equities": {
    "S&P 500": 7487.02001953125,
    "Nasdaq": 26128.451171875,
    "Dow Jones": 52316.19140625,
    "FTSE 100": 10497.1201171875,
    "DAX": 24995.810546875,
    "CAC 40": 8403.990234375,
    "Stoxx 600": 641.72998046875,
    "Nikkei 225": 69468.109375,
    "Shanghai Comp.": 4073.902099609375,
    "Hang Seng": 23026.6796875,
    "Sensex": 76478.671875,
    "KOSPI": 8394.650390625
  },
  "commodities": {
    "Brent Crude": 73.54000091552734,
    "WTI Crude Oil": 69.91999816894531,
    "Natural Gas": 3.2990000247955322,
    "Gold": 4046.199951171875,
    "Silver": 60.125
  },
  "fx": {
    "EUR / USD": 1.1420739889144897,
    "GBP / USD": 1.3257501125335693,
    "USD / CNY": 6.774899959564209
  },
  "USD/PKR": 277.7279968261719
}