{
  "equities": {
    "S&P 500": 7500.580078125,
    "Nasdaq": 26517.9296875,
    "Dow Jones": 51564.69921875,
    "FTSE 100": 10406.9501953125,
    "DAX": 25117.740234375,
    "CAC 40": 8501.3603515625,
    "Stoxx 600": 638.260009765625,
    "Nikkei 225": 71250.0625,
    "Shanghai Comp.": 4090.48095703125,
    "Hang Seng": 23924.810546875,
    "Sensex": 76668.8515625,
    "KOSPI": 9052.419921875
  },
  "commodities": {
    "Brent Crude": 79.62000274658203,
    "WTI Crude Oil": 75.87000274658203,
    "Natural Gas": 3.203000068664551,
    "Gold": 4184.39990234375,
    "Silver": 65.27999877929688
  },
  "fx": {
    "EUR / USD": 1.1463946104049683,
    "GBP / USD": 1.3230137825012207,
    "USD / CNY": 6.767499923706055
  },
  "USD/PKR": 278.01708984375
}