{
  "equities": {
    "S&P 500": 7358.22021484375,
    "Nasdaq": 25476.640625,
    "Dow Jones": 51848.8984375,
    "FTSE 100": 10493.8203125,
    "DAX": 24907.130859375,
    "CAC 40": 8425.51953125,
    "Stoxx 600": 638.9600219726562,
    "Nikkei 225": 72366.34375,
    "Shanghai Comp.": 4120.28076171875,
    "Hang Seng": 23076.91015625,
    "Sensex": 77100.46875,
    "KOSPI": 8930.2998046875
  },
  "commodities": {
    "Brent Crude": 73.12000274658203,
    "WTI Crude Oil": 69.5999984741211,
    "Natural Gas": 3.318000078201294,
    "Gold": 4000.10009765625,
    "Silver": 57.43000030517578
  },
  "fx": {
    "EUR / USD": 1.1348161697387695,
    "GBP / USD": 1.3168463706970215,
    "USD / CNY": 6.789100170135498
  },
  "USD/PKR": 277.6086120605469
}