{
  "equities": {
    "S&P 500": 7483.22998046875,
    "Nasdaq": 26040.029296875,
    "Dow Jones": 52305.23828125,
    "FTSE 100": 10469.2197265625,
    "DAX": 25043.869140625,
    "CAC 40": 8367.5595703125,
    "Stoxx 600": 639.1699829101562,
    "Nikkei 225": 68733.1484375,
    "Shanghai Comp.": 4028.90380859375,
    "Hang Seng": 22973.2109375,
    "Sensex": 77307.65625,
    "KOSPI": 7648.08984375
  },
  "commodities": {
    "Brent Crude": 70.58999633789062,
    "WTI Crude Oil": 67.58999633789062,
    "Natural Gas": 3.1760001182556152,
    "Gold": 4078.0,
    "Silver": 60.154998779296875
  },
  "fx": {
    "EUR / USD": 1.1405109167099,
    "GBP / USD": 1.3323030471801758,
    "USD / CNY": 6.786099910736084
  },
  "USD/PKR": 277.99798583984375
}