{
  "equities": {
    "S&P 500": 7391.35986328125,
    "Nasdaq": 25505.279296875,
    "Dow Jones": 52180.51171875,
    "FTSE 100": 10499.16015625,
    "DAX": 24657.240234375,
    "CAC 40": 8382.7802734375,
    "Stoxx 600": 635.969970703125,
    "Nikkei 225": 69468.109375,
    "Shanghai Comp.": 4073.901611328125,
    "Hang Seng": 23026.6796875,
    "Sensex": 76728.3671875,
    "KOSPI": 8394.650390625
  },
  "commodities": {
    "Brent Crude": 73.55999755859375,
    "WTI Crude Oil": 70.43000030517578,
    "Natural Gas": 3.1740000247955322,
    "Gold": 4037.60009765625,
    "Silver": 58.525001525878906
  },
  "fx": {
    "EUR / USD": 1.1416828632354736,
    "GBP / USD": 1.3238019943237305,
    "USD / CNY": 6.7855000495910645
  },
  "USD/PKR": 277.9200134277344
}