{
  "equities": {
    "S&P 500": 7357.490234375,
    "Nasdaq": 25358.599609375,
    "Dow Jones": 51920.62109375,
    "FTSE 100": 10490.1103515625,
    "DAX": 24798.359375,
    "CAC 40": 8400.3798828125,
    "Stoxx 600": 636.6900024414062,
    "Nikkei 225": 69360.8828125,
    "Shanghai Comp.": 4027.264892578125,
    "Hang Seng": 22684.08984375,
    "Sensex": 77100.46875,
    "KOSPI": 8411.2099609375
  },
  "commodities": {
    "Brent Crude": 73.41999816894531,
    "WTI Crude Oil": 69.77999877929688,
    "Natural Gas": 3.328000068664551,
    "Gold": 4046.39990234375,
    "Silver": 58.21500015258789
  },
  "fx": {
    "EUR / USD": 1.1402509212493896,
    "GBP / USD": 1.3213181495666504,
    "USD / CNY": 6.8007001876831055
  },
  "USD/PKR": 277.70001220703125
}