{
  "equities": {
    "S&P 500": 7357.490234375,
    "Nasdaq": 25358.599609375,
    "Dow Jones": 51920.62109375,
    "FTSE 100": 10529.900390625,
    "DAX": 24994.830078125,
    "CAC 40": 8431.6103515625,
    "Stoxx 600": 640.2100219726562,
    "Nikkei 225": 72366.34375,
    "Shanghai Comp.": 4120.28076171875,
    "Hang Seng": 23076.91015625,
    "Sensex": 77100.46875,
    "KOSPI": 8930.2998046875
  },
  "commodities": {
    "Brent Crude": 71.98999786376953,
    "WTI Crude Oil": 69.2300033569336,
    "Natural Gas": 3.2309999465942383,
    "Gold": 4078.699951171875,
    "Silver": 59.21699905395508
  },
  "fx": {
    "EUR / USD": 1.1389521360397339,
    "GBP / USD": 1.3198009729385376,
    "USD / CNY": 6.789700031280518
  },
  "USD/PKR": 277.9200134277344
}