{
  "equities": {
    "S&P 500": 7500.580078125,
    "Nasdaq": 26517.9296875,
    "Dow Jones": 51564.69921875,
    "FTSE 100": 10363.2998046875,
    "DAX": 24985.8203125,
    "CAC 40": 8421.1396484375,
    "Stoxx 600": 635.6099853515625,
    "Nikkei 225": 72442.21875,
    "Shanghai Comp.": 4148.56591796875,
    "Hang Seng": 23763.849609375,
    "Sensex": 77291.4765625,
    "KOSPI": 9093.0400390625
  },
  "commodities": {
    "Brent Crude": 78.9800033569336,
    "WTI Crude Oil": 75.19999694824219,
    "Natural Gas": 3.2790000438690186,
    "Gold": 4212.10009765625,
    "Silver": 66.58499908447266
  },
  "fx": {
    "EUR / USD": 1.1460003852844238,
    "GBP / USD": 1.3209691047668457,
    "USD / CNY": 6.773900032043457
  },
  "USD/PKR": 278.0801086425781
}