{
  "equities": {
    "S&P 500": 7378.0498046875,
    "Nasdaq": 25677.298828125,
    "Dow Jones": 51527.98046875,
    "FTSE 100": 10403.1904296875,
    "DAX": 24857.810546875,
    "CAC 40": 8330.6298828125,
    "Stoxx 600": 633.4299926757812,
    "Nikkei 225": 69788.3828125,
    "Shanghai Comp.": 4106.25146484375,
    "Hang Seng": 23336.279296875,
    "Sensex": 76200.6796875,
    "KOSPI": 8203.83984375
  },
  "commodities": {
    "Brent Crude": 76.73999786376953,
    "WTI Crude Oil": 73.11000061035156,
    "Natural Gas": 3.2179999351501465,
    "Gold": 4140.0,
    "Silver": 62.39500045776367
  },
  "fx": {
    "EUR / USD": 1.1401208639144897,
    "GBP / USD": 1.3216499090194702,
    "USD / CNY": 6.7855000495910645
  },
  "USD/PKR": 277.92999267578125
}