{
  "equities": {
    "S&P 500": 7364.47998046875,
    "Nasdaq": 25367.919921875,
    "Dow Jones": 51909.48046875,
    "FTSE 100": 10508.01953125,
    "DAX": 24671.220703125,
    "CAC 40": 8384.8701171875,
    "Stoxx 600": 635.8800048828125,
    "Nikkei 225": 72366.34375,
    "Shanghai Comp.": 4120.28076171875,
    "Hang Seng": 23076.91015625,
    "Sensex": 77100.46875,
    "KOSPI": 8930.2998046875
  },
  "commodities": {
    "Brent Crude": 72.66000366210938,
    "WTI Crude Oil": 69.31999969482422,
    "Natural Gas": 3.312000036239624,
    "Gold": 4090.800048828125,
    "Silver": 59.5
  },
  "fx": {
    "EUR / USD": 1.1389521360397339,
    "GBP / USD": 1.3200970888137817,
    "USD / CNY": 6.787099838256836
  },
  "USD/PKR": 277.9200134277344
}