{
  "equities": {
    "S&P 500": 7354.02001953125,
    "Nasdaq": 25297.619140625,
    "Dow Jones": 51876.109375,
    "FTSE 100": 10489.3798828125,
    "DAX": 24732.890625,
    "CAC 40": 8367.8603515625,
    "Stoxx 600": 635.9299926757812,
    "Nikkei 225": 69468.109375,
    "Shanghai Comp.": 4073.901611328125,
    "Hang Seng": 23078.48046875,
    "Sensex": 76714.328125,
    "KOSPI": 8394.650390625
  },
  "commodities": {
    "Brent Crude": 73.08000183105469,
    "WTI Crude Oil": 69.86000061035156,
    "Natural Gas": 3.2809998989105225,
    "Gold": 4074.5,
    "Silver": 58.970001220703125
  },
  "fx": {
    "EUR / USD": 1.1411616802215576,
    "GBP / USD": 1.3223665952682495,
    "USD / CNY": 6.78980016708374
  },
  "USD/PKR": 277.89990234375
}