{
  "equities": {
    "S&P 500": 7440.43017578125,
    "Nasdaq": 25820.140625,
    "Dow Jones": 52182.73828125,
    "FTSE 100": 10592.5400390625,
    "DAX": 24968.140625,
    "CAC 40": 8415.240234375,
    "Stoxx 600": 643.010009765625,
    "Nikkei 225": 70062.3203125,
    "Shanghai Comp.": 4094.397216796875,
    "Hang Seng": 22881.01953125,
    "Sensex": 76478.671875,
    "KOSPI": 8476.48046875
  },
  "commodities": {
    "Brent Crude": 74.08000183105469,
    "WTI Crude Oil": 70.87000274658203,
    "Natural Gas": 3.2309999465942383,
    "Gold": 4040.199951171875,
    "Silver": 59.29499816894531
  },
  "fx": {
    "EUR / USD": 1.1401208639144897,
    "GBP / USD": 1.3236267566680908,
    "USD / CNY": 6.773799896240234
  },
  "USD/PKR": 277.7279968261719
}