{
  "equities": {
    "S&P 500": 7455.0400390625,
    "Nasdaq": 25998.458984375,
    "Dow Jones": 52061.30859375,
    "FTSE 100": 10449.849609375,
    "DAX": 24927.9609375,
    "CAC 40": 8334.26953125,
    "Stoxx 600": 638.1599731445312,
    "Nikkei 225": 70474.9609375,
    "Shanghai Comp.": 4112.4453125,
    "Hang Seng": 22881.01953125,
    "Sensex": 76922.640625,
    "KOSPI": 8303.41015625
  },
  "commodities": {
    "Brent Crude": 71.9800033569336,
    "WTI Crude Oil": 68.9800033569336,
    "Natural Gas": 3.2339999675750732,
    "Gold": 4058.10009765625,
    "Silver": 59.380001068115234
  },
  "fx": {
    "EUR / USD": 1.139211654663086,
    "GBP / USD": 1.3252054452896118,
    "USD / CNY": 6.780200004577637
  },
  "USD/PKR": 277.9200134277344
}