{
  "equities": {
    "S&P 500": 7501.81982421875,
    "Nasdaq": 26147.701171875,
    "Dow Jones": 52431.4296875,
    "FTSE 100": 10478.33984375,
    "DAX": 25040.279296875,
    "CAC 40": 8337.2900390625,
    "Stoxx 600": 639.3099975585938,
    "Nikkei 225": 70062.3203125,
    "Shanghai Comp.": 4094.39697265625,
    "Hang Seng": 22881.01953125,
    "Sensex": 76922.640625,
    "KOSPI": 8476.48046875
  },
  "commodities": {
    "Brent Crude": 71.23999786376953,
    "WTI Crude Oil": 68.18000030517578,
    "Natural Gas": 3.2139999866485596,
    "Gold": 4085.60009765625,
    "Silver": 60.494998931884766
  },
  "fx": {
    "EUR / USD": 1.1384334564208984,
    "GBP / USD": 1.3278273344039917,
    "USD / CNY": 6.778600215911865
  },
  "USD/PKR": 278.0
}