{
  "equities": {
    "S&P 500": 7342.75,
    "Nasdaq": 25426.359375,
    "Dow Jones": 51775.30078125,
    "FTSE 100": 10461.6298828125,
    "DAX": 24740.359375,
    "CAC 40": 8385.490234375,
    "Stoxx 600": 635.1599731445312,
    "Nikkei 225": 69788.3828125,
    "Shanghai Comp.": 4106.2509765625,
    "Hang Seng": 23336.279296875,
    "Sensex": 76200.6796875,
    "KOSPI": 8203.83984375
  },
  "commodities": {
    "Brent Crude": 73.33000183105469,
    "WTI Crude Oil": 70.08000183105469,
    "Natural Gas": 3.259999990463257,
    "Gold": 4000.800048828125,
    "Silver": 56.8849983215332
  },
  "fx": {
    "EUR / USD": 1.1358473300933838,
    "GBP / USD": 1.316118597984314,
    "USD / CNY": 6.801400184631348
  },
  "USD/PKR": 277.70001220703125
}