{
  "equities": {
    "S&P 500": 7357.490234375,
    "Nasdaq": 25358.599609375,
    "Dow Jones": 51920.62109375,
    "FTSE 100": 10529.900390625,
    "DAX": 24994.830078125,
    "CAC 40": 8431.6103515625,
    "Stoxx 600": 640.2100219726562,
    "Nikkei 225": 69308.640625,
    "Shanghai Comp.": 4032.298583984375,
    "Hang Seng": 22644.490234375,
    "Sensex": 77100.46875,
    "KOSPI": 8235.1904296875
  },
  "commodities": {
    "Brent Crude": 74.20999908447266,
    "WTI Crude Oil": 70.48999786376953,
    "Natural Gas": 3.2860000133514404,
    "Gold": 4020.10009765625,
    "Silver": 56.41999816894531
  },
  "fx": {
    "EUR / USD": 1.1376564502716064,
    "GBP / USD": 1.3198881149291992,
    "USD / CNY": 6.801300048828125
  },
  "USD/PKR": 277.70001220703125
}