{
  "equities": {
    "S&P 500": 7514.9599609375,
    "Nasdaq": 26150.498046875,
    "Dow Jones": 52637.51171875,
    "FTSE 100": 10478.33984375,
    "DAX": 25040.279296875,
    "CAC 40": 8337.2900390625,
    "Stoxx 600": 639.3099975585938,
    "Nikkei 225": 70062.3203125,
    "Shanghai Comp.": 4094.39697265625,
    "Hang Seng": 22881.01953125,
    "Sensex": 76922.640625,
    "KOSPI": 8476.48046875
  },
  "commodities": {
    "Brent Crude": 71.2300033569336,
    "WTI Crude Oil": 68.16000366210938,
    "Natural Gas": 3.2200000286102295,
    "Gold": 4100.5,
    "Silver": 60.82500076293945
  },
  "fx": {
    "EUR / USD": 1.1386927366256714,
    "GBP / USD": 1.3278449773788452,
    "USD / CNY": 6.793700218200684
  },
  "USD/PKR": 277.8800048828125
}