{
  "equities": {
    "S&P 500": 7420.10009765625,
    "Nasdaq": 26021.66015625,
    "Dow Jones": 51492.55078125,
    "FTSE 100": 10508.599609375,
    "DAX": 24934.669921875,
    "CAC 40": 8430.7900390625,
    "Stoxx 600": 639.3099975585938,
    "Nikkei 225": 70768.9609375,
    "Shanghai Comp.": 4108.076171875,
    "Hang Seng": 24312.16015625,
    "Sensex": 76670.1328125,
    "KOSPI": 8913.9697265625
  },
  "commodities": {
    "Brent Crude": 79.91999816894531,
    "WTI Crude Oil": 76.08000183105469,
    "Natural Gas": 3.203000068664551,
    "Gold": 4144.60009765625,
    "Silver": 63.3849983215332
  },
  "fx": {
    "EUR / USD": 1.1428571939468384,
    "GBP / USD": 1.317245364189148,
    "USD / CNY": 6.767499923706055
  },
  "USD/PKR": 278.0801086425781
}