{
  "equities": {
    "S&P 500": 7431.89990234375,
    "Nasdaq": 25756.6015625,
    "Dow Jones": 52227.3203125,
    "FTSE 100": 10484.2197265625,
    "DAX": 24626.890625,
    "CAC 40": 8367.330078125,
    "Stoxx 600": 636.1099853515625,
    "Nikkei 225": 69360.8828125,
    "Shanghai Comp.": 4027.264892578125,
    "Hang Seng": 22671.859375,
    "Sensex": 76728.3671875,
    "KOSPI": 8411.2099609375
  },
  "commodities": {
    "Brent Crude": 73.98999786376953,
    "WTI Crude Oil": 70.87000274658203,
    "Natural Gas": 3.193000078201294,
    "Gold": 4036.10009765625,
    "Silver": 58.54999923706055
  },
  "fx": {
    "EUR / USD": 1.142987847328186,
    "GBP / USD": 1.3257851600646973,
    "USD / CNY": 6.784900188446045
  },
  "USD/PKR": 277.9200134277344
}