{
  "equities": {
    "S&P 500": 7492.85986328125,
    "Nasdaq": 26164.71875,
    "Dow Jones": 52334.9296875,
    "FTSE 100": 10497.1201171875,
    "DAX": 24995.810546875,
    "CAC 40": 8403.990234375,
    "Stoxx 600": 641.72998046875,
    "Nikkei 225": 69468.109375,
    "Shanghai Comp.": 4073.902099609375,
    "Hang Seng": 23026.6796875,
    "Sensex": 76478.671875,
    "KOSPI": 8394.650390625
  },
  "commodities": {
    "Brent Crude": 73.1500015258789,
    "WTI Crude Oil": 69.72000122070312,
    "Natural Gas": 3.2929999828338623,
    "Gold": 4044.5,
    "Silver": 59.994998931884766
  },
  "fx": {
    "EUR / USD": 1.1424654722213745,
    "GBP / USD": 1.3256269693374634,
    "USD / CNY": 6.775199890136719
  },
  "USD/PKR": 277.9200134277344
}