{
  "equities": {
    "S&P 500": 7354.02001953125,
    "Nasdaq": 25297.619140625,
    "Dow Jones": 51876.109375,
    "FTSE 100": 10503.490234375,
    "DAX": 24686.16015625,
    "CAC 40": 8372.41015625,
    "Stoxx 600": 636.4500122070312,
    "Nikkei 225": 69468.109375,
    "Shanghai Comp.": 4073.901611328125,
    "Hang Seng": 23026.6796875,
    "Sensex": 76728.3671875,
    "KOSPI": 8394.650390625
  },
  "commodities": {
    "Brent Crude": 73.1500015258789,
    "WTI Crude Oil": 69.97000122070312,
    "Natural Gas": 3.234999895095825,
    "Gold": 4059.0,
    "Silver": 58.755001068115234
  },
  "fx": {
    "EUR / USD": 1.1410315036773682,
    "GBP / USD": 1.323293924331665,
    "USD / CNY": 6.783100128173828
  },
  "USD/PKR": 277.9200134277344
}