{
  "equities": {
    "S&P 500": 7440.43017578125,
    "Nasdaq": 25820.140625,
    "Dow Jones": 52182.73828125,
    "FTSE 100": 10566.990234375,
    "DAX": 24946.630859375,
    "CAC 40": 8390.2197265625,
    "Stoxx 600": 641.52001953125,
    "Nikkei 225": 70062.3203125,
    "Shanghai Comp.": 4094.397216796875,
    "Hang Seng": 22881.01953125,
    "Sensex": 76478.671875,
    "KOSPI": 8476.48046875
  },
  "commodities": {
    "Brent Crude": 74.29000091552734,
    "WTI Crude Oil": 71.05000305175781,
    "Natural Gas": 3.2829999923706055,
    "Gold": 4030.300048828125,
    "Silver": 59.19499969482422
  },
  "fx": {
    "EUR / USD": 1.1405109167099,
    "GBP / USD": 1.3222790956497192,
    "USD / CNY": 6.774700164794922
  },
  "USD/PKR": 277.7279968261719
}