{
  "equities": {
    "S&P 500": 7415.47021484375,
    "Nasdaq": 25661.984375,
    "Dow Jones": 52113.62109375,
    "FTSE 100": 10484.2197265625,
    "DAX": 24626.890625,
    "CAC 40": 8367.330078125,
    "Stoxx 600": 636.1099853515625,
    "Nikkei 225": 69360.8828125,
    "Shanghai Comp.": 4027.264892578125,
    "Hang Seng": 22671.859375,
    "Sensex": 76728.3671875,
    "KOSPI": 8411.2099609375
  },
  "commodities": {
    "Brent Crude": 73.80000305175781,
    "WTI Crude Oil": 70.58000183105469,
    "Natural Gas": 3.181999921798706,
    "Gold": 4040.699951171875,
    "Silver": 58.5099983215332
  },
  "fx": {
    "EUR / USD": 1.1427265405654907,
    "GBP / USD": 1.325398564338684,
    "USD / CNY": 6.7855000495910645
  },
  "USD/PKR": 277.9200134277344
}