{
  "equities": {
    "S&P 500": 7440.43017578125,
    "Nasdaq": 25820.140625,
    "Dow Jones": 52182.73828125,
    "FTSE 100": 10600.900390625,
    "DAX": 24971.51953125,
    "CAC 40": 8413.2802734375,
    "Stoxx 600": 643.0399780273438,
    "Nikkei 225": 70062.3203125,
    "Shanghai Comp.": 4094.397216796875,
    "Hang Seng": 22881.01953125,
    "Sensex": 76478.671875,
    "KOSPI": 8476.48046875
  },
  "commodities": {
    "Brent Crude": 73.93000030517578,
    "WTI Crude Oil": 70.66999816894531,
    "Natural Gas": 3.2290000915527344,
    "Gold": 4043.39990234375,
    "Silver": 59.45500183105469
  },
  "fx": {
    "EUR / USD": 1.1405109167099,
    "GBP / USD": 1.3236267566680908,
    "USD / CNY": 6.77370023727417
  },
  "USD/PKR": 277.7279968261719
}