{
  "equities": {
    "S&P 500": 7358.22021484375,
    "Nasdaq": 25476.640625,
    "Dow Jones": 51848.8984375,
    "FTSE 100": 10461.599609375,
    "DAX": 24740.359375,
    "CAC 40": 8385.490234375,
    "Stoxx 600": 635.1599731445312,
    "Nikkei 225": 72366.34375,
    "Shanghai Comp.": 4119.24853515625,
    "Hang Seng": 23027.779296875,
    "Sensex": 77749.453125,
    "KOSPI": 8930.2998046875
  },
  "commodities": {
    "Brent Crude": 72.6500015258789,
    "WTI Crude Oil": 69.52999877929688,
    "Natural Gas": 3.2860000133514404,
    "Gold": 3996.10009765625,
    "Silver": 56.93000030517578
  },
  "fx": {
    "EUR / USD": 1.1359764337539673,
    "GBP / USD": 1.3176618814468384,
    "USD / CNY": 6.804500102996826
  },
  "USD/PKR": 277.70001220703125
}