{
  "equities": {
    "S&P 500": 7440.43017578125,
    "Nasdaq": 25820.140625,
    "Dow Jones": 52182.73828125,
    "FTSE 100": 10484.2001953125,
    "DAX": 24626.890625,
    "CAC 40": 8367.330078125,
    "Stoxx 600": 636.1099853515625,
    "Nikkei 225": 70642.390625,
    "Shanghai Comp.": 4082.130126953125,
    "Hang Seng": 22752.9609375,
    "Sensex": 76556.5078125,
    "KOSPI": 8578.1396484375
  },
  "commodities": {
    "Brent Crude": 73.54000091552734,
    "WTI Crude Oil": 70.2699966430664,
    "Natural Gas": 3.1710000038146973,
    "Gold": 4007.89990234375,
    "Silver": 58.31999969482422
  },
  "fx": {
    "EUR / USD": 1.1401208639144897,
    "GBP / USD": 1.323521614074707,
    "USD / CNY": 6.779600143432617
  },
  "USD/PKR": 277.9299011230469
}