{
  "equities": {
    "S&P 500": 7358.22021484375,
    "Nasdaq": 25476.640625,
    "Dow Jones": 51848.8984375,
    "FTSE 100": 10496.7900390625,
    "DAX": 24917.419921875,
    "CAC 40": 8427.5302734375,
    "Stoxx 600": 639.1900024414062,
    "Nikkei 225": 72366.34375,
    "Shanghai Comp.": 4120.28076171875,
    "Hang Seng": 23076.91015625,
    "Sensex": 77100.46875,
    "KOSPI": 8930.2998046875
  },
  "commodities": {
    "Brent Crude": 73.08000183105469,
    "WTI Crude Oil": 69.5999984741211,
    "Natural Gas": 3.3310000896453857,
    "Gold": 3999.0,
    "Silver": 57.334999084472656
  },
  "fx": {
    "EUR / USD": 1.1359764337539673,
    "GBP / USD": 1.3175925016403198,
    "USD / CNY": 6.787199974060059
  },
  "USD/PKR": 277.6086120605469
}