{
  "equities": {
    "S&P 500": 7353.77978515625,
    "Nasdaq": 25487.1796875,
    "Dow Jones": 51834.12890625,
    "FTSE 100": 10461.6298828125,
    "DAX": 24740.359375,
    "CAC 40": 8385.490234375,
    "Stoxx 600": 635.1599731445312,
    "Nikkei 225": 69788.3828125,
    "Shanghai Comp.": 4106.2509765625,
    "Hang Seng": 23336.279296875,
    "Sensex": 76991.21875,
    "KOSPI": 8203.83984375
  },
  "commodities": {
    "Brent Crude": 73.87999725341797,
    "WTI Crude Oil": 70.41999816894531,
    "Natural Gas": 3.247999906539917,
    "Gold": 4002.699951171875,
    "Silver": 57.5099983215332
  },
  "fx": {
    "EUR / USD": 1.135589361190796,
    "GBP / USD": 1.3159106969833374,
    "USD / CNY": 6.798399925231934
  },
  "USD/PKR": 277.9200134277344
}