{
  "equities": {
    "S&P 500": 7440.43017578125,
    "Nasdaq": 25820.140625,
    "Dow Jones": 52182.73828125,
    "FTSE 100": 10520.6796875,
    "DAX": 24829.4296875,
    "CAC 40": 8387.1396484375,
    "Stoxx 600": 639.719970703125,
    "Nikkei 225": 70062.3203125,
    "Shanghai Comp.": 4094.397216796875,
    "Hang Seng": 22900.0703125,
    "Sensex": 76679.3984375,
    "KOSPI": 8476.48046875
  },
  "commodities": {
    "Brent Crude": 73.5,
    "WTI Crude Oil": 70.23999786376953,
    "Natural Gas": 3.2090001106262207,
    "Gold": 4044.10009765625,
    "Silver": 59.34000015258789
  },
  "fx": {
    "EUR / USD": 1.1393414735794067,
    "GBP / USD": 1.3227688074111938,
    "USD / CNY": 6.773200035095215
  },
  "USD/PKR": 277.7279968261719
}