{
  "equities": {
    "S&P 500": 7483.22998046875,
    "Nasdaq": 26040.029296875,
    "Dow Jones": 52305.23828125,
    "FTSE 100": 10478.2998046875,
    "DAX": 25040.279296875,
    "CAC 40": 8337.2900390625,
    "Stoxx 600": 639.3099975585938,
    "Nikkei 225": 69272.71875,
    "Shanghai Comp.": 4075.311279296875,
    "Hang Seng": 23154.41015625,
    "Sensex": 77337.28125,
    "KOSPI": 7891.43017578125
  },
  "commodities": {
    "Brent Crude": 70.9000015258789,
    "WTI Crude Oil": 67.87000274658203,
    "Natural Gas": 3.197999954223633,
    "Gold": 4075.0,
    "Silver": 60.53499984741211
  },
  "fx": {
    "EUR / USD": 1.1389521360397339,
    "GBP / USD": 1.3286387920379639,
    "USD / CNY": 6.784299850463867
  },
  "USD/PKR": 278.031494140625
}