{
  "equities": {
    "S&P 500": 7478.89013671875,
    "Nasdaq": 26241.384765625,
    "Dow Jones": 51767.66015625,
    "FTSE 100": 10437.849609375,
    "DAX": 25139.689453125,
    "CAC 40": 8400.1103515625,
    "Stoxx 600": 639.27001953125,
    "Nikkei 225": 71250.0625,
    "Shanghai Comp.": 4163.0966796875,
    "Hang Seng": 23768.51953125,
    "Sensex": 77094.0703125,
    "KOSPI": 9052.419921875
  },
  "commodities": {
    "Brent Crude": 77.44000244140625,
    "WTI Crude Oil": 73.4000015258789,
    "Natural Gas": 3.2990000247955322,
    "Gold": 4196.10009765625,
    "Silver": 65.61000061035156
  },
  "fx": {
    "EUR / USD": 1.1435105800628662,
    "GBP / USD": 1.3247665166854858,
    "USD / CNY": 6.762899875640869
  },
  "USD/PKR": 277.92999267578125
}