{
  "equities": {
    "S&P 500": 7351.77001953125,
    "Nasdaq": 25318.16796875,
    "Dow Jones": 51933.1484375,
    "FTSE 100": 10529.8896484375,
    "DAX": 24994.830078125,
    "CAC 40": 8431.6103515625,
    "Stoxx 600": 640.2100219726562,
    "Nikkei 225": 69174.96875,
    "Shanghai Comp.": 4110.81298828125,
    "Hang Seng": 23412.1796875,
    "Sensex": 76991.21875,
    "KOSPI": 8471.01953125
  },
  "commodities": {
    "Brent Crude": 75.73999786376953,
    "WTI Crude Oil": 72.11000061035156,
    "Natural Gas": 3.256999969482422,
    "Gold": 4050.199951171875,
    "Silver": 58.025001525878906
  },
  "fx": {
    "EUR / USD": 1.137268304824829,
    "GBP / USD": 1.3195745944976807,
    "USD / CNY": 6.7891998291015625
  },
  "USD/PKR": 277.9200134277344
}