{
  "equities": {
    "S&P 500": 7472.7900390625,
    "Nasdaq": 26166.599609375,
    "Dow Jones": 51712.7109375,
    "FTSE 100": 10345.51953125,
    "DAX": 24786.859375,
    "CAC 40": 8311.5595703125,
    "Stoxx 600": 631.97998046875,
    "Nikkei 225": 69788.3828125,
    "Shanghai Comp.": 4106.25146484375,
    "Hang Seng": 23328.0703125,
    "Sensex": 76424.28125,
    "KOSPI": 8203.83984375
  },
  "commodities": {
    "Brent Crude": 77.2699966430664,
    "WTI Crude Oil": 73.4000015258789,
    "Natural Gas": 3.2829999923706055,
    "Gold": 4109.60009765625,
    "Silver": 61.904998779296875
  },
  "fx": {
    "EUR / USD": 1.141291856765747,
    "GBP / USD": 1.3224889039993286,
    "USD / CNY": 6.785299777984619
  },
  "USD/PKR": 278.0220031738281
}