{
  "equities": {
    "S&P 500": 7420.10009765625,
    "Nasdaq": 26021.66015625,
    "Dow Jones": 51492.55078125,
    "FTSE 100": 10363.26953125,
    "DAX": 24985.8203125,
    "CAC 40": 8421.1396484375,
    "Stoxx 600": 635.6099853515625,
    "Nikkei 225": 69902.25,
    "Shanghai Comp.": 4108.076171875,
    "Hang Seng": 24312.16015625,
    "Sensex": 76802.8984375,
    "KOSPI": 8864.240234375
  },
  "commodities": {
    "Brent Crude": 80.58999633789062,
    "WTI Crude Oil": 76.54000091552734,
    "Natural Gas": 3.197999954223633,
    "Gold": 4172.89990234375,
    "Silver": 64.91000366210938
  },
  "fx": {
    "EUR / USD": 1.1479737758636475,
    "GBP / USD": 1.323504090309143,
    "USD / CNY": 6.768599987030029
  },
  "USD/PKR": 277.9800109863281
}