{
  "equities": {
    "S&P 500": 7357.490234375,
    "Nasdaq": 25358.599609375,
    "Dow Jones": 51920.62109375,
    "FTSE 100": 10451.6904296875,
    "DAX": 24680.240234375,
    "CAC 40": 8376.9599609375,
    "Stoxx 600": 634.1500244140625,
    "Nikkei 225": 69360.8828125,
    "Shanghai Comp.": 4027.264892578125,
    "Hang Seng": 22671.859375,
    "Sensex": 77100.46875,
    "KOSPI": 8411.2099609375
  },
  "commodities": {
    "Brent Crude": 72.98999786376953,
    "WTI Crude Oil": 69.45999908447266,
    "Natural Gas": 3.3410000801086426,
    "Gold": 4064.0,
    "Silver": 58.755001068115234
  },
  "fx": {
    "EUR / USD": 1.1409013271331787,
    "GBP / USD": 1.3223140239715576,
    "USD / CNY": 6.788599967956543
  },
  "USD/PKR": 277.70001220703125
}