{
  "equities": {
    "S&P 500": 7499.35986328125,
    "Nasdaq": 26213.720703125,
    "Dow Jones": 52319.19921875,
    "FTSE 100": 10456.8095703125,
    "DAX": 25063.220703125,
    "CAC 40": 8352.76953125,
    "Stoxx 600": 639.8400268554688,
    "Nikkei 225": 70474.9609375,
    "Shanghai Comp.": 4112.4453125,
    "Hang Seng": 22881.01953125,
    "Sensex": 76922.640625,
    "KOSPI": 8303.41015625
  },
  "commodities": {
    "Brent Crude": 72.2699966430664,
    "WTI Crude Oil": 68.83999633789062,
    "Natural Gas": 3.2339999675750732,
    "Gold": 4005.10009765625,
    "Silver": 58.52000045776367
  },
  "fx": {
    "EUR / USD": 1.1401208639144897,
    "GBP / USD": 1.3252933025360107,
    "USD / CNY": 6.781599998474121
  },
  "USD/PKR": 277.9150085449219
}