{
  "equities": {
    "S&P 500": 7358.22021484375,
    "Nasdaq": 25476.640625,
    "Dow Jones": 51848.8984375,
    "FTSE 100": 10551.7802734375,
    "DAX": 24984.490234375,
    "CAC 40": 8434.5498046875,
    "Stoxx 600": 640.8900146484375,
    "Nikkei 225": 72366.34375,
    "Shanghai Comp.": 4120.28076171875,
    "Hang Seng": 23076.91015625,
    "Sensex": 77100.46875,
    "KOSPI": 8930.2998046875
  },
  "commodities": {
    "Brent Crude": 73.70999908447266,
    "WTI Crude Oil": 69.97000122070312,
    "Natural Gas": 3.322999954223633,
    "Gold": 4046.699951171875,
    "Silver": 58.685001373291016
  },
  "fx": {
    "EUR / USD": 1.1364928483963013,
    "GBP / USD": 1.3190523386001587,
    "USD / CNY": 6.787899971008301
  },
  "USD/PKR": 277.9200134277344
}