{
  "equities": {
    "S&P 500": 7357.490234375,
    "Nasdaq": 25358.599609375,
    "Dow Jones": 51920.62109375,
    "FTSE 100": 10498.1396484375,
    "DAX": 24827.25,
    "CAC 40": 8419.2001953125,
    "Stoxx 600": 637.52001953125,
    "Nikkei 225": 69360.8828125,
    "Shanghai Comp.": 4027.264892578125,
    "Hang Seng": 22703.76953125,
    "Sensex": 77100.46875,
    "KOSPI": 8411.2099609375
  },
  "commodities": {
    "Brent Crude": 73.83999633789062,
    "WTI Crude Oil": 70.26000213623047,
    "Natural Gas": 3.319000005722046,
    "Gold": 4045.199951171875,
    "Silver": 57.98500061035156
  },
  "fx": {
    "EUR / USD": 1.1379153728485107,
    "GBP / USD": 1.3192263841629028,
    "USD / CNY": 6.801799774169922
  },
  "USD/PKR": 277.70001220703125
}