{
  "equities": {
    "S&P 500": 7483.22998046875,
    "Nasdaq": 26040.029296875,
    "Dow Jones": 52305.23828125,
    "FTSE 100": 10498.7001953125,
    "DAX": 25106.810546875,
    "CAC 40": 8377.8798828125,
    "Stoxx 600": 640.5499877929688,
    "Nikkei 225": 68733.1484375,
    "Shanghai Comp.": 4028.90380859375,
    "Hang Seng": 22997.5,
    "Sensex": 77386.0,
    "KOSPI": 7648.08984375
  },
  "commodities": {
    "Brent Crude": 71.08999633789062,
    "WTI Crude Oil": 68.12999725341797,
    "Natural Gas": 3.181999921798706,
    "Gold": 4087.300048828125,
    "Silver": 60.185001373291016
  },
  "fx": {
    "EUR / USD": 1.1411616802215576,
    "GBP / USD": 1.333777904510498,
    "USD / CNY": 6.786600112915039
  },
  "USD/PKR": 277.99798583984375
}