{
  "equities": {
    "S&P 500": 7440.43017578125,
    "Nasdaq": 25820.140625,
    "Dow Jones": 52182.73828125,
    "FTSE 100": 10494.1796875,
    "DAX": 24804.759765625,
    "CAC 40": 8388.0703125,
    "Stoxx 600": 639.3699951171875,
    "Nikkei 225": 70062.3203125,
    "Shanghai Comp.": 4094.397216796875,
    "Hang Seng": 22846.669921875,
    "Sensex": 76753.84375,
    "KOSPI": 8476.48046875
  },
  "commodities": {
    "Brent Crude": 73.54000091552734,
    "WTI Crude Oil": 70.33999633789062,
    "Natural Gas": 3.197000026702881,
    "Gold": 4042.39990234375,
    "Silver": 59.400001525878906
  },
  "fx": {
    "EUR / USD": 1.1410315036773682,
    "GBP / USD": 1.3244507312774658,
    "USD / CNY": 6.772299766540527
  },
  "USD/PKR": 277.7160949707031
}