{
  "equities": {
    "S&P 500": 7497.7998046875,
    "Nasdaq": 26208.48828125,
    "Dow Jones": 52285.6796875,
    "FTSE 100": 10497.1201171875,
    "DAX": 24995.810546875,
    "CAC 40": 8403.990234375,
    "Stoxx 600": 641.72998046875,
    "Nikkei 225": 69468.109375,
    "Shanghai Comp.": 4073.902099609375,
    "Hang Seng": 23026.6796875,
    "Sensex": 76728.3671875,
    "KOSPI": 8394.650390625
  },
  "commodities": {
    "Brent Crude": 73.41999816894531,
    "WTI Crude Oil": 70.12000274658203,
    "Natural Gas": 3.259000062942505,
    "Gold": 4036.60009765625,
    "Silver": 59.86000061035156
  },
  "fx": {
    "EUR / USD": 1.1422044038772583,
    "GBP / USD": 1.3257148265838623,
    "USD / CNY": 6.784599781036377
  },
  "USD/PKR": 277.9200134277344
}