{
  "equities": {
    "S&P 500": 7360.06005859375,
    "Nasdaq": 25365.833984375,
    "Dow Jones": 51976.4609375,
    "FTSE 100": 10529.8896484375,
    "DAX": 24994.830078125,
    "CAC 40": 8431.6103515625,
    "Stoxx 600": 640.2100219726562,
    "Nikkei 225": 69174.96875,
    "Shanghai Comp.": 4110.81298828125,
    "Hang Seng": 23412.1796875,
    "Sensex": 77100.46875,
    "KOSPI": 8471.01953125
  },
  "commodities": {
    "Brent Crude": 75.2699966430664,
    "WTI Crude Oil": 71.81999969482422,
    "Natural Gas": 3.315999984741211,
    "Gold": 4043.199951171875,
    "Silver": 58.02000045776367
  },
  "fx": {
    "EUR / USD": 1.1381744146347046,
    "GBP / USD": 1.3203586339950562,
    "USD / CNY": 6.786300182342529
  },
  "USD/PKR": 277.9200134277344
}