{
  "equities": {
    "S&P 500": 7354.02001953125,
    "Nasdaq": 25297.619140625,
    "Dow Jones": 51876.109375,
    "FTSE 100": 10488.51953125,
    "DAX": 24687.33984375,
    "CAC 40": 8356.5302734375,
    "Stoxx 600": 635.52001953125,
    "Nikkei 225": 69468.109375,
    "Shanghai Comp.": 4073.901611328125,
    "Hang Seng": 23026.6796875,
    "Sensex": 76728.3671875,
    "KOSPI": 8394.650390625
  },
  "commodities": {
    "Brent Crude": 73.06999969482422,
    "WTI Crude Oil": 69.9000015258789,
    "Natural Gas": 3.256999969482422,
    "Gold": 4048.800048828125,
    "Silver": 58.14500045776367
  },
  "fx": {
    "EUR / USD": 1.1407711505889893,
    "GBP / USD": 1.3223665952682495,
    "USD / CNY": 6.782700061798096
  },
  "USD/PKR": 278.0400085449219
}