{
  "equities": {
    "S&P 500": 7367.41015625,
    "Nasdaq": 25384.06640625,
    "Dow Jones": 51927.1796875,
    "FTSE 100": 10508.01953125,
    "DAX": 24671.220703125,
    "CAC 40": 8384.8701171875,
    "Stoxx 600": 635.8800048828125,
    "Nikkei 225": 72366.34375,
    "Shanghai Comp.": 4120.28076171875,
    "Hang Seng": 23076.91015625,
    "Sensex": 77100.46875,
    "KOSPI": 8930.2998046875
  },
  "commodities": {
    "Brent Crude": 72.79000091552734,
    "WTI Crude Oil": 69.48999786376953,
    "Natural Gas": 3.3340001106262207,
    "Gold": 4090.199951171875,
    "Silver": 59.47999954223633
  },
  "fx": {
    "EUR / USD": 1.139211654663086,
    "GBP / USD": 1.3202539682388306,
    "USD / CNY": 6.787099838256836
  },
  "USD/PKR": 277.9200134277344
}