{
  "equities": {
    "S&P 500": 7354.02001953125,
    "Nasdaq": 25297.619140625,
    "Dow Jones": 51876.109375,
    "FTSE 100": 10508.0,
    "DAX": 24671.220703125,
    "CAC 40": 8384.8701171875,
    "Stoxx 600": 635.8800048828125,
    "Nikkei 225": 69360.8828125,
    "Shanghai Comp.": 4027.264892578125,
    "Hang Seng": 22671.859375,
    "Sensex": 77100.46875,
    "KOSPI": 8411.2099609375
  },
  "commodities": {
    "Brent Crude": 71.98999786376953,
    "WTI Crude Oil": 69.2300033569336,
    "Natural Gas": 3.2309999465942383,
    "Gold": 4078.699951171875,
    "Silver": 59.21699905395508
  },
  "fx": {
    "EUR / USD": 1.1389521360397339,
    "GBP / USD": 1.3198009729385376,
    "USD / CNY": 6.789700031280518
  },
  "USD/PKR": 277.9200134277344
}