{
  "equities": {
    "S&P 500": 7358.22021484375,
    "Nasdaq": 25476.640625,
    "Dow Jones": 51848.8984375,
    "FTSE 100": 10461.599609375,
    "DAX": 24740.359375,
    "CAC 40": 8385.490234375,
    "Stoxx 600": 635.1599731445312,
    "Nikkei 225": 72366.34375,
    "Shanghai Comp.": 4120.9794921875,
    "Hang Seng": 23010.099609375,
    "Sensex": 77754.7109375,
    "KOSPI": 8930.2998046875
  },
  "commodities": {
    "Brent Crude": 72.6500015258789,
    "WTI Crude Oil": 69.5199966430664,
    "Natural Gas": 3.2850000858306885,
    "Gold": 3995.0,
    "Silver": 56.90999984741211
  },
  "fx": {
    "EUR / USD": 1.1361054182052612,
    "GBP / USD": 1.3179398775100708,
    "USD / CNY": 6.803500175476074
  },
  "USD/PKR": 277.70001220703125
}