{
  "equities": {
    "S&P 500": 7357.490234375,
    "Nasdaq": 25358.599609375,
    "Dow Jones": 51920.62109375,
    "FTSE 100": 10446.3095703125,
    "DAX": 24684.900390625,
    "CAC 40": 8376.1103515625,
    "Stoxx 600": 634.2999877929688,
    "Nikkei 225": 69360.8828125,
    "Shanghai Comp.": 4027.264892578125,
    "Hang Seng": 22671.859375,
    "Sensex": 77100.46875,
    "KOSPI": 8411.2099609375
  },
  "commodities": {
    "Brent Crude": 72.81999969482422,
    "WTI Crude Oil": 69.30000305175781,
    "Natural Gas": 3.3380000591278076,
    "Gold": 4060.699951171875,
    "Silver": 58.564998626708984
  },
  "fx": {
    "EUR / USD": 1.1407711505889893,
    "GBP / USD": 1.3219645023345947,
    "USD / CNY": 6.789000034332275
  },
  "USD/PKR": 277.70001220703125
}