{
  "equities": {
    "S&P 500": 7354.02001953125,
    "Nasdaq": 25297.619140625,
    "Dow Jones": 51876.109375,
    "FTSE 100": 10508.0,
    "DAX": 24671.220703125,
    "CAC 40": 8384.8701171875,
    "Stoxx 600": 635.8800048828125,
    "Nikkei 225": 68704.5703125,
    "Shanghai Comp.": 4034.083984375,
    "Hang Seng": 23153.890625,
    "Sensex": 77062.75,
    "KOSPI": 8260.6396484375
  },
  "commodities": {
    "Brent Crude": 73.20999908447266,
    "WTI Crude Oil": 69.98999786376953,
    "Natural Gas": 3.3010001182556152,
    "Gold": 4075.300048828125,
    "Silver": 58.7400016784668
  },
  "fx": {
    "EUR / USD": 1.1386927366256714,
    "GBP / USD": 1.3199577331542969,
    "USD / CNY": 6.797599792480469
  },
  "USD/PKR": 277.70001220703125
}