{
  "equities": {
    "S&P 500": 7434.02978515625,
    "Nasdaq": 25791.69140625,
    "Dow Jones": 52177.23828125,
    "FTSE 100": 10484.2197265625,
    "DAX": 24626.890625,
    "CAC 40": 8367.330078125,
    "Stoxx 600": 636.1099853515625,
    "Nikkei 225": 69360.8828125,
    "Shanghai Comp.": 4027.264892578125,
    "Hang Seng": 22671.859375,
    "Sensex": 77100.46875,
    "KOSPI": 8411.2099609375
  },
  "commodities": {
    "Brent Crude": 73.62999725341797,
    "WTI Crude Oil": 70.41999816894531,
    "Natural Gas": 3.177999973297119,
    "Gold": 4031.60009765625,
    "Silver": 58.68000030517578
  },
  "fx": {
    "EUR / USD": 1.142987847328186,
    "GBP / USD": 1.3262248039245605,
    "USD / CNY": 6.793099880218506
  },
  "USD/PKR": 277.9200134277344
}