{
  "equities": {
    "S&P 500": 7358.22021484375,
    "Nasdaq": 25476.640625,
    "Dow Jones": 51848.8984375,
    "FTSE 100": 10461.599609375,
    "DAX": 24740.359375,
    "CAC 40": 8385.490234375,
    "Stoxx 600": 635.1599731445312,
    "Nikkei 225": 72366.34375,
    "Shanghai Comp.": 4113.1845703125,
    "Hang Seng": 23007.650390625,
    "Sensex": 77785.578125,
    "KOSPI": 8930.2998046875
  },
  "commodities": {
    "Brent Crude": 72.54000091552734,
    "WTI Crude Oil": 69.44000244140625,
    "Natural Gas": 3.2860000133514404,
    "Gold": 3998.0,
    "Silver": 56.85499954223633
  },
  "fx": {
    "EUR / USD": 1.1357183456420898,
    "GBP / USD": 1.3171932697296143,
    "USD / CNY": 6.804699897766113
  },
  "USD/PKR": 277.70001220703125
}