{
  "equities": {
    "S&P 500": 7358.22021484375,
    "Nasdaq": 25476.640625,
    "Dow Jones": 51848.8984375,
    "FTSE 100": 10471.6396484375,
    "DAX": 24825.759765625,
    "CAC 40": 8390.759765625,
    "Stoxx 600": 637.8300170898438,
    "Nikkei 225": 72366.34375,
    "Shanghai Comp.": 4120.28076171875,
    "Hang Seng": 23035.240234375,
    "Sensex": 77504.96875,
    "KOSPI": 8930.2998046875
  },
  "commodities": {
    "Brent Crude": 73.26000213623047,
    "WTI Crude Oil": 69.8499984741211,
    "Natural Gas": 3.322999954223633,
    "Gold": 3992.199951171875,
    "Silver": 56.880001068115234
  },
  "fx": {
    "EUR / USD": 1.1366219520568848,
    "GBP / USD": 1.3188437223434448,
    "USD / CNY": 6.798999786376953
  },
  "USD/PKR": 277.6086120605469
}