{
  "equities": {
    "S&P 500": 7357.2998046875,
    "Nasdaq": 25338.365234375,
    "Dow Jones": 51814.01953125,
    "FTSE 100": 10508.01953125,
    "DAX": 24671.220703125,
    "CAC 40": 8384.8701171875,
    "Stoxx 600": 635.8800048828125,
    "Nikkei 225": 72366.34375,
    "Shanghai Comp.": 4120.28076171875,
    "Hang Seng": 23076.91015625,
    "Sensex": 77100.46875,
    "KOSPI": 8930.2998046875
  },
  "commodities": {
    "Brent Crude": 72.58000183105469,
    "WTI Crude Oil": 69.25,
    "Natural Gas": 3.302000045776367,
    "Gold": 4082.39990234375,
    "Silver": 59.31999969482422
  },
  "fx": {
    "EUR / USD": 1.1385631561279297,
    "GBP / USD": 1.319713830947876,
    "USD / CNY": 6.797500133514404
  },
  "USD/PKR": 277.9200134277344
}