{
  "equities": {
    "S&P 500": 7357.490234375,
    "Nasdaq": 25358.599609375,
    "Dow Jones": 51920.62109375,
    "FTSE 100": 10415.8603515625,
    "DAX": 24639.919921875,
    "CAC 40": 8364.6201171875,
    "Stoxx 600": 632.25,
    "Nikkei 225": 69360.8828125,
    "Shanghai Comp.": 4027.264892578125,
    "Hang Seng": 22671.859375,
    "Sensex": 77100.46875,
    "KOSPI": 8411.2099609375
  },
  "commodities": {
    "Brent Crude": 73.05000305175781,
    "WTI Crude Oil": 69.69999694824219,
    "Natural Gas": 3.3440001010894775,
    "Gold": 4065.699951171875,
    "Silver": 58.84000015258789
  },
  "fx": {
    "EUR / USD": 1.1423349380493164,
    "GBP / USD": 1.321737289428711,
    "USD / CNY": 6.789599895477295
  },
  "USD/PKR": 277.9200134277344
}