{
  "equities": {
    "S&P 500": 7358.22021484375,
    "Nasdaq": 25476.640625,
    "Dow Jones": 51848.8984375,
    "FTSE 100": 10461.599609375,
    "DAX": 24740.359375,
    "CAC 40": 8385.490234375,
    "Stoxx 600": 635.1599731445312,
    "Nikkei 225": 72366.34375,
    "Shanghai Comp.": 4115.36083984375,
    "Hang Seng": 23022.060546875,
    "Sensex": 77759.296875,
    "KOSPI": 8930.2998046875
  },
  "commodities": {
    "Brent Crude": 72.55000305175781,
    "WTI Crude Oil": 69.55999755859375,
    "Natural Gas": 3.2860000133514404,
    "Gold": 3997.699951171875,
    "Silver": 56.96500015258789
  },
  "fx": {
    "EUR / USD": 1.1358473300933838,
    "GBP / USD": 1.3173842430114746,
    "USD / CNY": 6.804500102996826
  },
  "USD/PKR": 277.70001220703125
}