{
  "equities": {
    "S&P 500": 7420.10009765625,
    "Nasdaq": 26021.66015625,
    "Dow Jones": 51492.55078125,
    "FTSE 100": 10365.6396484375,
    "DAX": 25065.740234375,
    "CAC 40": 8437.3701171875,
    "Stoxx 600": 636.6400146484375,
    "Nikkei 225": 71250.0625,
    "Shanghai Comp.": 4108.076171875,
    "Hang Seng": 24312.16015625,
    "Sensex": 76802.8984375,
    "KOSPI": 9052.419921875
  },
  "commodities": {
    "Brent Crude": 79.9000015258789,
    "WTI Crude Oil": 76.02999877929688,
    "Natural Gas": 3.200000047683716,
    "Gold": 4160.60009765625,
    "Silver": 64.375
  },
  "fx": {
    "EUR / USD": 1.147315263748169,
    "GBP / USD": 1.323293924331665,
    "USD / CNY": 6.768099784851074
  },
  "USD/PKR": 277.9800109863281
}