{
  "equities": {
    "S&P 500": 7492.52978515625,
    "Nasdaq": 26086.021484375,
    "Dow Jones": 52353.1015625,
    "FTSE 100": 10478.33984375,
    "DAX": 25040.279296875,
    "CAC 40": 8337.2900390625,
    "Stoxx 600": 639.3099975585938,
    "Nikkei 225": 70062.3203125,
    "Shanghai Comp.": 4094.39697265625,
    "Hang Seng": 22881.01953125,
    "Sensex": 76478.671875,
    "KOSPI": 8476.48046875
  },
  "commodities": {
    "Brent Crude": 71.2699966430664,
    "WTI Crude Oil": 68.18000030517578,
    "Natural Gas": 3.2039999961853027,
    "Gold": 4069.699951171875,
    "Silver": 60.1150016784668
  },
  "fx": {
    "EUR / USD": 1.1384334564208984,
    "GBP / USD": 1.3282681703567505,
    "USD / CNY": 6.7820000648498535
  },
  "USD/PKR": 278.0
}