{
  "equities": {
    "S&P 500": 7354.02001953125,
    "Nasdaq": 25297.619140625,
    "Dow Jones": 51876.109375,
    "FTSE 100": 10479.1201171875,
    "DAX": 24653.650390625,
    "CAC 40": 8348.58984375,
    "Stoxx 600": 634.780029296875,
    "Nikkei 225": 69468.109375,
    "Shanghai Comp.": 4073.901611328125,
    "Hang Seng": 23026.6796875,
    "Sensex": 76748.3828125,
    "KOSPI": 8394.650390625
  },
  "commodities": {
    "Brent Crude": 73.27999877929688,
    "WTI Crude Oil": 70.08000183105469,
    "Natural Gas": 3.246999979019165,
    "Gold": 4066.699951171875,
    "Silver": 58.52000045776367
  },
  "fx": {
    "EUR / USD": 1.1402509212493896,
    "GBP / USD": 1.3213355541229248,
    "USD / CNY": 6.792200088500977
  },
  "USD/PKR": 277.9700012207031
}