{
  "equities": {
    "S&P 500": 7362.22021484375,
    "Nasdaq": 25375.083984375,
    "Dow Jones": 52011.28125,
    "FTSE 100": 10529.8896484375,
    "DAX": 24994.830078125,
    "CAC 40": 8431.6103515625,
    "Stoxx 600": 640.2100219726562,
    "Nikkei 225": 69174.96875,
    "Shanghai Comp.": 4110.81298828125,
    "Hang Seng": 23412.1796875,
    "Sensex": 77100.46875,
    "KOSPI": 8471.01953125
  },
  "commodities": {
    "Brent Crude": 75.0199966430664,
    "WTI Crude Oil": 71.5199966430664,
    "Natural Gas": 3.2899999618530273,
    "Gold": 4047.10009765625,
    "Silver": 58.16999816894531
  },
  "fx": {
    "EUR / USD": 1.1377859115600586,
    "GBP / USD": 1.3201494216918945,
    "USD / CNY": 6.786300182342529
  },
  "USD/PKR": 277.9200134277344
}