{
  "equities": {
    "S&P 500": 7358.22021484375,
    "Nasdaq": 25476.640625,
    "Dow Jones": 51848.8984375,
    "FTSE 100": 10461.599609375,
    "DAX": 24740.359375,
    "CAC 40": 8385.490234375,
    "Stoxx 600": 635.1599731445312,
    "Nikkei 225": 72366.34375,
    "Shanghai Comp.": 4115.73486328125,
    "Hang Seng": 23009.830078125,
    "Sensex": 77742.90625,
    "KOSPI": 8930.2998046875
  },
  "commodities": {
    "Brent Crude": 72.55000305175781,
    "WTI Crude Oil": 69.5199966430664,
    "Natural Gas": 3.2880001068115234,
    "Gold": 3997.39990234375,
    "Silver": 56.89500045776367
  },
  "fx": {
    "EUR / USD": 1.1357183456420898,
    "GBP / USD": 1.317332148551941,
    "USD / CNY": 6.789999961853027
  },
  "USD/PKR": 277.70001220703125
}