{
  "equities": {
    "S&P 500": 7500.580078125,
    "Nasdaq": 26517.9296875,
    "Dow Jones": 51564.69921875,
    "FTSE 100": 10422.98046875,
    "DAX": 25030.880859375,
    "CAC 40": 8378.33984375,
    "Stoxx 600": 637.280029296875,
    "Nikkei 225": 72353.9609375,
    "Shanghai Comp.": 4163.0966796875,
    "Hang Seng": 23768.51953125,
    "Sensex": 77094.0703125,
    "KOSPI": 9114.5498046875
  },
  "commodities": {
    "Brent Crude": 78.80000305175781,
    "WTI Crude Oil": 74.70999908447266,
    "Natural Gas": 3.260999917984009,
    "Gold": 4212.2001953125,
    "Silver": 66.63500213623047
  },
  "fx": {
    "EUR / USD": 1.144688606262207,
    "GBP / USD": 1.326259970664978,
    "USD / CNY": 6.763899803161621
  },
  "USD/PKR": 278.090087890625
}