{
  "equities": {
    "S&P 500": 7365.4599609375,
    "Nasdaq": 25587.0390625,
    "Dow Jones": 51666.83984375,
    "FTSE 100": 10431.8203125,
    "DAX": 24629.890625,
    "CAC 40": 8376.1298828125,
    "Stoxx 600": 634.22998046875,
    "Nikkei 225": 69174.96875,
    "Shanghai Comp.": 4110.8134765625,
    "Hang Seng": 23412.1796875,
    "Sensex": 76991.21875,
    "KOSPI": 8471.01953125
  },
  "commodities": {
    "Brent Crude": 74.06999969482422,
    "WTI Crude Oil": 70.48999786376953,
    "Natural Gas": 3.2109999656677246,
    "Gold": 3991.199951171875,
    "Silver": 58.56999969482422
  },
  "fx": {
    "EUR / USD": 1.1334012746810913,
    "GBP / USD": 1.3153914213180542,
    "USD / CNY": 6.80019998550415
  },
  "USD/PKR": 277.9200134277344
}