{
  "equities": {
    "S&P 500": 7499.35986328125,
    "Nasdaq": 26213.720703125,
    "Dow Jones": 52319.19921875,
    "FTSE 100": 10489.5703125,
    "DAX": 25058.5,
    "CAC 40": 8369.7900390625,
    "Stoxx 600": 640.760009765625,
    "Nikkei 225": 70474.9609375,
    "Shanghai Comp.": 4112.4453125,
    "Hang Seng": 22881.01953125,
    "Sensex": 76990.5234375,
    "KOSPI": 8303.41015625
  },
  "commodities": {
    "Brent Crude": 72.4800033569336,
    "WTI Crude Oil": 68.9800033569336,
    "Natural Gas": 3.2260000705718994,
    "Gold": 3993.199951171875,
    "Silver": 58.2599983215332
  },
  "fx": {
    "EUR / USD": 1.1401208639144897,
    "GBP / USD": 1.3252404928207397,
    "USD / CNY": 6.792399883270264
  },
  "USD/PKR": 277.9150085449219
}