{
  "equities": {
    "S&P 500": 7500.580078125,
    "Nasdaq": 26517.9296875,
    "Dow Jones": 51564.69921875,
    "FTSE 100": 10363.2998046875,
    "DAX": 24985.8203125,
    "CAC 40": 8421.1396484375,
    "Stoxx 600": 635.6099853515625,
    "Nikkei 225": 71250.0625,
    "Shanghai Comp.": 4090.48095703125,
    "Hang Seng": 23924.810546875,
    "Sensex": 76802.8984375,
    "KOSPI": 9052.419921875
  },
  "commodities": {
    "Brent Crude": 80.58999633789062,
    "WTI Crude Oil": 76.54000091552734,
    "Natural Gas": 3.197999954223633,
    "Gold": 4172.89990234375,
    "Silver": 64.91000366210938
  },
  "fx": {
    "EUR / USD": 1.1469204425811768,
    "GBP / USD": 1.3237143754959106,
    "USD / CNY": 6.764699935913086
  },
  "USD/PKR": 277.9800109863281
}