{
  "equities": {
    "S&P 500": 7386.81005859375,
    "Nasdaq": 25703.552734375,
    "Dow Jones": 51783.421875,
    "FTSE 100": 10428.849609375,
    "DAX": 24893.580078125,
    "CAC 40": 8340.7099609375,
    "Stoxx 600": 634.6300048828125,
    "Nikkei 225": 72353.9609375,
    "Shanghai Comp.": 4163.09716796875,
    "Hang Seng": 23768.51953125,
    "Sensex": 76200.6796875,
    "KOSPI": 9114.5498046875
  },
  "commodities": {
    "Brent Crude": 77.0199966430664,
    "WTI Crude Oil": 73.0999984741211,
    "Natural Gas": 3.188999891281128,
    "Gold": 4150.2998046875,
    "Silver": 62.125
  },
  "fx": {
    "EUR / USD": 1.1383039951324463,
    "GBP / USD": 1.318878412246704,
    "USD / CNY": 6.7895002365112305
  },
  "USD/PKR": 277.92999267578125
}