{
  "equities": {
    "S&P 500": 7499.35986328125,
    "Nasdaq": 26213.720703125,
    "Dow Jones": 52319.19921875,
    "FTSE 100": 10455.259765625,
    "DAX": 25065.419921875,
    "CAC 40": 8354.7900390625,
    "Stoxx 600": 639.9199829101562,
    "Nikkei 225": 70474.9609375,
    "Shanghai Comp.": 4112.4453125,
    "Hang Seng": 22881.01953125,
    "Sensex": 76922.640625,
    "KOSPI": 8303.41015625
  },
  "commodities": {
    "Brent Crude": 72.29000091552734,
    "WTI Crude Oil": 68.83999633789062,
    "Natural Gas": 3.234999895095825,
    "Gold": 4000.800048828125,
    "Silver": 58.439998626708984
  },
  "fx": {
    "EUR / USD": 1.1402509212493896,
    "GBP / USD": 1.3255919218063354,
    "USD / CNY": 6.781599998474121
  },
  "USD/PKR": 277.9150085449219
}