{
  "equities": {
    "S&P 500": 7492.7998046875,
    "Nasdaq": 26163.625,
    "Dow Jones": 52323.8984375,
    "FTSE 100": 10497.1201171875,
    "DAX": 24995.810546875,
    "CAC 40": 8403.990234375,
    "Stoxx 600": 641.72998046875,
    "Nikkei 225": 69468.109375,
    "Shanghai Comp.": 4073.902099609375,
    "Hang Seng": 23026.6796875,
    "Sensex": 76478.671875,
    "KOSPI": 8394.650390625
  },
  "commodities": {
    "Brent Crude": 73.16000366210938,
    "WTI Crude Oil": 69.69999694824219,
    "Natural Gas": 3.2829999923706055,
    "Gold": 4045.199951171875,
    "Silver": 60.0
  },
  "fx": {
    "EUR / USD": 1.1424654722213745,
    "GBP / USD": 1.3256269693374634,
    "USD / CNY": 6.775199890136719
  },
  "USD/PKR": 277.9200134277344
}