{
  "equities": {
    "S&P 500": 7358.22021484375,
    "Nasdaq": 25476.640625,
    "Dow Jones": 51848.8984375,
    "FTSE 100": 10461.599609375,
    "DAX": 24740.359375,
    "CAC 40": 8385.490234375,
    "Stoxx 600": 635.1599731445312,
    "Nikkei 225": 72366.34375,
    "Shanghai Comp.": 4120.3447265625,
    "Hang Seng": 22992.0,
    "Sensex": 77685.2578125,
    "KOSPI": 8930.2998046875
  },
  "commodities": {
    "Brent Crude": 72.70999908447266,
    "WTI Crude Oil": 69.6500015258789,
    "Natural Gas": 3.2839999198913574,
    "Gold": 3993.800048828125,
    "Silver": 56.8650016784668
  },
  "fx": {
    "EUR / USD": 1.1361054182052612,
    "GBP / USD": 1.3179224729537964,
    "USD / CNY": 6.803299903869629
  },
  "USD/PKR": 277.70001220703125
}